case,formula,batch_size,resolving_power,variant,method,selected_method,timed_method,dm,n_fft,n_positive,mean_mass_da,active_fraction,storage_mode,attenuation_dtype,has_phase_table,table_nbytes,memory_vs_research64,median_s,min_s,max_s,research64_over_variant,rel_l2_vs_research64,max_abs_vs_research64,repeats
large_12k,C500H800N125O200S10,1,0.0,research64,cython_log_pruned,cython_log_pruned,cython_log_pruned,0.002,32805,16403,12083.134070321115,1.0,research,float64,True,3083864,1.0,0.0008686999790370464,0.0007717001717537642,0.0027237001340836287,1.0,0.0,0.0,25
large_12k,C500H800N125O200S10,1,0.0,research32_phase64,cython_log_pruned_attn32,cython_log_pruned_attn32,cython_log_pruned_attn32,0.002,32805,16403,12083.134070321115,1.0,research,float32,True,2755804,0.8936204709416499,0.0008811000734567642,0.0007726000621914864,0.0027400001417845488,0.9859265765680063,2.5713039468058356e-08,2.7263494514612375e-08,25
large_12k,C500H800N125O200S10,1,0.0,research32_uintphase,cython_log_pruned_attn32_uintphase,cython_log_pruned_attn32_uintphase,cython_log_pruned_attn32_uintphase,0.002,32805,16403,12083.134070321115,1.0,research,float32,True,2755804,0.8936204709416499,0.0008024999406188726,0.000743999844416976,0.0009097999427467585,1.0824922658151497,2.5713039470135707e-08,2.7263494509481695e-08,25
large_12k,C500H800N125O200S10,1,0.0,production32_auto,cython_auto,cython_log_pruned_attn32,cython_log_pruned_attn32,0.002,32805,16403,12083.134070321115,1.0,production,float32,True,2099684,0.6808614128249495,0.0007952000014483929,0.0007624998688697815,0.0009389000479131937,1.092429549113153,2.5713039468058356e-08,2.7263494514612375e-08,25
large_12k,C500H800N125O200S10,1,0.0,minimal32_auto,cython_auto,cython_log_pruned_attn32_uintphase,cython_log_pruned_attn32_uintphase,0.002,32805,16403,12083.134070321115,1.0,minimal,float32,False,1443564,0.4681023547082491,0.0008320999331772327,0.0007421998307108879,0.002303800079971552,1.0439851565905824,2.5713039470135707e-08,2.7263494509481695e-08,25
large_12k,C500H800N125O200S10,10,0.0,research64,cython_log_pruned,cython_log_pruned,cython_log_pruned,0.002,32805,16403,12547.278388508295,1.0,research,float64,True,3083864,1.0,0.007942500058561563,0.007752100005745888,0.009670400060713291,1.0,0.0,0.0,25
large_12k,C500H800N125O200S10,10,0.0,research32_phase64,cython_log_pruned_attn32,cython_log_pruned_attn32,cython_log_pruned_attn32,0.002,32805,16403,12547.278388508295,1.0,research,float32,True,2755804,0.8936204709416499,0.007892800029367208,0.0076500000432133675,0.008164700120687485,1.0062968818428737,2.6074885104055708e-08,2.7263494514612375e-08,25
large_12k,C500H800N125O200S10,10,0.0,research32_uintphase,cython_log_pruned_attn32_uintphase,cython_log_pruned_attn32_uintphase,cython_log_pruned_attn32_uintphase,0.002,32805,16403,12547.278388508295,1.0,research,float32,True,2755804,0.8936204709416499,0.008823999902233481,0.007819199934601784,0.0152430001180619,0.9001020111696967,2.607488510717943e-08,2.7263494509481695e-08,25
large_12k,C500H800N125O200S10,10,0.0,production32_auto,cython_auto,cython_log_pruned_attn32,cython_log_pruned_attn32,0.002,32805,16403,12547.278388508295,1.0,production,float32,True,2099684,0.6808614128249495,0.008061599917709827,0.007838199846446514,0.0092417998239398,0.9852262751359536,2.6074885104055708e-08,2.7263494514612375e-08,25
large_12k,C500H800N125O200S10,10,0.0,minimal32_auto,cython_auto,cython_log_pruned_attn32_uintphase,cython_log_pruned_attn32_uintphase,0.002,32805,16403,12547.278388508295,1.0,minimal,float32,False,1443564,0.4681023547082491,0.007816399913281202,0.007564400089904666,0.008342800196260214,1.016132765298523,2.607488510717943e-08,2.7263494509481695e-08,25
large_12k,C500H800N125O200S10,50,0.0,research64,cython_log_pruned,cython_log_pruned,cython_log_pruned,0.002,32805,16403,14610.142024895766,1.0,research,float64,True,3083864,1.0,0.03857759991660714,0.0367892999202013,0.0492185999173671,1.0,0.0,0.0,25
large_12k,C500H800N125O200S10,50,0.0,research32_phase64,cython_log_pruned_attn32,cython_log_pruned_attn32,cython_log_pruned_attn32,0.002,32805,16403,14610.142024895766,1.0,research,float32,True,2755804,0.8936204709416499,0.03871340001933277,0.03798900009132922,0.05080890003591776,0.9964921680178489,2.5588067683927683e-08,3.2570369548544534e-08,25
large_12k,C500H800N125O200S10,50,0.0,research32_uintphase,cython_log_pruned_attn32_uintphase,cython_log_pruned_attn32_uintphase,cython_log_pruned_attn32_uintphase,0.002,32805,16403,14610.142024895766,1.0,research,float32,True,2755804,0.8936204709416499,0.039920000126585364,0.037882399978116155,0.05490950006060302,0.9663727403376376,2.5588067687081772e-08,3.257036956090089e-08,25
large_12k,C500H800N125O200S10,50,0.0,production32_auto,cython_auto,cython_log_pruned_attn32,cython_log_pruned_attn32,0.002,32805,16403,14610.142024895766,1.0,production,float32,True,2099684,0.6808614128249495,0.03962900000624359,0.03815569984726608,0.061404400039464235,0.9734689220149185,2.5588067683927683e-08,3.2570369548544534e-08,25
large_12k,C500H800N125O200S10,50,0.0,minimal32_auto,cython_auto,cython_log_pruned_attn32_uintphase,cython_log_pruned_attn32_uintphase,0.002,32805,16403,14610.142024895766,1.0,minimal,float32,False,1443564,0.4681023547082491,0.03920180001296103,0.03806850011460483,0.04804330016486347,0.9840772593057586,2.5588067687081772e-08,3.257036956090089e-08,25
large_12k,C500H800N125O200S10,1,100000.0,research64,cython_log_pruned,cython_log_pruned,cython_log_pruned,0.002,32805,16403,12083.134070321115,0.0790709016643297,research,float64,True,3083864,1.0,9.269989095628262e-05,9.230012074112892e-05,9.429990313947201e-05,1.0,0.0,0.0,25
large_12k,C500H800N125O200S10,1,100000.0,research32_phase64,cython_log_pruned_attn32,cython_log_pruned_attn32,cython_log_pruned_attn32,0.002,32805,16403,12083.134070321115,0.0790709016643297,research,float32,True,2755804,0.8936204709416499,9.460002183914185e-05,9.42000187933445e-05,9.720004163682461e-05,0.9799140545010633,9.682842880828623e-09,1.3274155658147017e-08,25
large_12k,C500H800N125O200S10,1,100000.0,research32_uintphase,cython_log_pruned_attn32_uintphase,cython_log_pruned_attn32_uintphase,cython_log_pruned_attn32_uintphase,0.002,32805,16403,12083.134070321115,0.0790709016643297,research,float32,True,2755804,0.8936204709416499,9.660003706812859e-05,9.600003249943256e-05,0.00012480001896619797,0.9596258321402575,9.682842880805399e-09,1.3274155670828048e-08,25
large_12k,C500H800N125O200S10,1,100000.0,production32_auto,cython_auto,cython_log_pruned_attn32,cython_log_pruned_attn32,0.002,32805,16403,12083.134070321115,0.0790709016643297,production,float32,True,2099684,0.6808614128249495,9.440002031624317e-05,9.389990009367466e-05,0.00017830007709562778,0.9819901589611415,9.682842880828623e-09,1.3274155658147017e-08,25
large_12k,C500H800N125O200S10,1,100000.0,minimal32_auto,cython_auto,cython_log_pruned_attn32_uintphase,cython_log_pruned_attn32_uintphase,0.002,32805,16403,12083.134070321115,0.0790709016643297,minimal,float32,False,1443564,0.4681023547082491,9.600003249943256e-05,9.569991379976273e-05,9.829993359744549e-05,0.9656235372298498,9.682842880805399e-09,1.3274155670828048e-08,25
large_12k,C500H800N125O200S10,10,100000.0,research64,cython_log_pruned,cython_log_pruned,cython_log_pruned,0.002,32805,16403,12547.278388508295,0.07565689203194538,research,float64,True,3083864,1.0,0.0007132000755518675,0.0007003000937402248,0.0008135000243782997,1.0,0.0,0.0,25
large_12k,C500H800N125O200S10,10,100000.0,research32_phase64,cython_log_pruned_attn32,cython_log_pruned_attn32,cython_log_pruned_attn32,0.002,32805,16403,12547.278388508295,0.07565689203194538,research,float32,True,2755804,0.8936204709416499,0.0007350998930633068,0.0007290998473763466,0.0008829999715089798,0.9702083788637508,9.908798000908406e-09,1.8882281752748655e-08,25
large_12k,C500H800N125O200S10,10,100000.0,research32_uintphase,cython_log_pruned_attn32_uintphase,cython_log_pruned_attn32_uintphase,cython_log_pruned_attn32_uintphase,0.002,32805,16403,12547.278388508295,0.07565689203194538,research,float32,True,2755804,0.8936204709416499,0.0007203998975455761,0.000710400054231286,0.0008870000019669533,0.9900057981431721,9.908798004038006e-09,1.8882281784366604e-08,25
large_12k,C500H800N125O200S10,10,100000.0,production32_auto,cython_auto,cython_log_pruned_attn32,cython_log_pruned_attn32,0.002,32805,16403,12547.278388508295,0.07565689203194538,production,float32,True,2099684,0.6808614128249495,0.0008006000425666571,0.0007285000756382942,0.0010307999327778816,0.8908319230978398,9.908798000908406e-09,1.8882281752748655e-08,25
large_12k,C500H800N125O200S10,10,100000.0,minimal32_auto,cython_auto,cython_log_pruned_attn32_uintphase,cython_log_pruned_attn32_uintphase,0.002,32805,16403,12547.278388508295,0.07565689203194538,minimal,float32,False,1443564,0.4681023547082491,0.0008549999911338091,0.0007835000287741423,0.004437099909409881,0.8341521437983855,9.908798004038006e-09,1.8882281784366604e-08,25
large_12k,C500H800N125O200S10,50,100000.0,research64,cython_log_pruned,cython_log_pruned,cython_log_pruned,0.002,32805,16403,14610.142024895766,0.06254221788697188,research,float64,True,3083864,1.0,0.0030634000431746244,0.0029259000439196825,0.00394130009226501,1.0,0.0,0.0,25
large_12k,C500H800N125O200S10,50,100000.0,research32_phase64,cython_log_pruned_attn32,cython_log_pruned_attn32,cython_log_pruned_attn32,0.002,32805,16403,14610.142024895766,0.06254221788697188,research,float32,True,2755804,0.8936204709416499,0.0031614999752491713,0.003022999968379736,0.004538499983027577,0.9689704466732393,9.5428616138307e-09,2.2227152930041144e-08,25
large_12k,C500H800N125O200S10,50,100000.0,research32_uintphase,cython_log_pruned_attn32_uintphase,cython_log_pruned_attn32_uintphase,cython_log_pruned_attn32_uintphase,0.002,32805,16403,14610.142024895766,0.06254221788697188,research,float32,True,2755804,0.8936204709416499,0.0030328999273478985,0.002938099903985858,0.003124200040474534,1.0100564201118882,9.542861617500575e-09,2.2227152885946584e-08,25
large_12k,C500H800N125O200S10,50,100000.0,production32_auto,cython_auto,cython_log_pruned_attn32,cython_log_pruned_attn32,0.002,32805,16403,14610.142024895766,0.06254221788697188,production,float32,True,2099684,0.6808614128249495,0.0029452000744640827,0.002863900037482381,0.00322120008058846,1.0401330862834675,9.5428616138307e-09,2.2227152930041144e-08,25
large_12k,C500H800N125O200S10,50,100000.0,minimal32_auto,cython_auto,cython_log_pruned_attn32_uintphase,cython_log_pruned_attn32_uintphase,0.002,32805,16403,14610.142024895766,0.06254221788697188,minimal,float32,False,1443564,0.4681023547082491,0.003061900148168206,0.0029474999755620956,0.003313099965453148,1.0004898575831467,9.542861617500575e-09,2.2227152885946584e-08,25
xlarge_29k,C1200H1900N320O450S25,1,0.0,research64,cython_log_pruned,cython_log_pruned,cython_log_pruned,0.002,32805,16403,28811.579669522853,0.8120465768456989,research,float64,True,3083864,1.0,0.0007590001914650202,0.0005862000398337841,0.001802300103008747,1.0,0.0,0.0,25
xlarge_29k,C1200H1900N320O450S25,1,0.0,research32_phase64,cython_log_pruned_attn32,cython_log_pruned_attn32,cython_log_pruned_attn32,0.002,32805,16403,28811.579669522853,0.8120465768456989,research,float32,True,2755804,0.8936204709416499,0.0006887000054121017,0.0006454000249505043,0.0008136997930705547,1.1020766451291844,2.0181775576511316e-08,2.513602796834147e-08,25
xlarge_29k,C1200H1900N320O450S25,1,0.0,research32_uintphase,cython_log_pruned_attn32_uintphase,cython_log_pruned_attn32_uintphase,cython_log_pruned_attn32_uintphase,0.002,32805,16403,28811.579669522853,0.8120465768456989,research,float32,True,2755804,0.8936204709416499,0.0008080999832600355,0.0007342000026255846,0.003626300022006035,0.9392404494343175,2.018177557806924e-08,2.5136028006571186e-08,25
xlarge_29k,C1200H1900N320O450S25,1,0.0,production32_auto,cython_auto,cython_log_pruned_attn32,cython_log_pruned_attn32,0.002,32805,16403,28811.579669522853,0.8120465768456989,production,float32,True,2099684,0.6808614128249495,0.0007597000803798437,0.0006732000038027763,0.0025663000997155905,0.9990787299713413,2.0181775576511316e-08,2.513602796834147e-08,25
xlarge_29k,C1200H1900N320O450S25,1,0.0,minimal32_auto,cython_auto,cython_log_pruned_attn32_uintphase,cython_log_pruned_attn32_uintphase,0.002,32805,16403,28811.579669522853,0.8120465768456989,minimal,float32,False,1443564,0.4681023547082491,0.0006923000328242779,0.0006718998774886131,0.0008984999731183052,1.0963457395323746,2.018177557806924e-08,2.5136028006571186e-08,25
xlarge_29k,C1200H1900N320O450S25,10,0.0,research64,cython_log_pruned,cython_log_pruned,cython_log_pruned,0.002,32805,16403,29275.723987710033,0.7910808998353959,research,float64,True,3083864,1.0,0.00692650000564754,0.006482100114226341,0.008910499978810549,1.0,0.0,0.0,25
xlarge_29k,C1200H1900N320O450S25,10,0.0,research32_phase64,cython_log_pruned_attn32,cython_log_pruned_attn32,cython_log_pruned_attn32,0.002,32805,16403,29275.723987710033,0.7910808998353959,research,float32,True,2755804,0.8936204709416499,0.006734199821949005,0.006490499945357442,0.007134899962693453,1.0285557584839946,1.9189318273413374e-08,2.513602796834147e-08,25
xlarge_29k,C1200H1900N320O450S25,10,0.0,research32_uintphase,cython_log_pruned_attn32_uintphase,cython_log_pruned_attn32_uintphase,cython_log_pruned_attn32_uintphase,0.002,32805,16403,29275.723987710033,0.7910808998353959,research,float32,True,2755804,0.8936204709416499,0.006756299873813987,0.006437600124627352,0.010069099953398108,1.0251913229152563,1.9189318280066543e-08,2.5136028006571186e-08,25
xlarge_29k,C1200H1900N320O450S25,10,0.0,production32_auto,cython_auto,cython_log_pruned_attn32,cython_log_pruned_attn32,0.002,32805,16403,29275.723987710033,0.7910808998353959,production,float32,True,2099684,0.6808614128249495,0.007606900064274669,0.00675630010664463,0.011326199863106012,0.910554884002935,1.9189318273413374e-08,2.513602796834147e-08,25
xlarge_29k,C1200H1900N320O450S25,10,0.0,minimal32_auto,cython_auto,cython_log_pruned_attn32_uintphase,cython_log_pruned_attn32_uintphase,0.002,32805,16403,29275.723987710033,0.7910808998353959,minimal,float32,False,1443564,0.4681023547082491,0.006939099868759513,0.006625300040468574,0.007734500104561448,0.9981842222550077,1.9189318280066543e-08,2.5136028006571186e-08,25
xlarge_29k,C1200H1900N320O450S25,50,0.0,research64,cython_log_pruned,cython_log_pruned,cython_log_pruned,0.002,35721,17861,31338.587624097498,0.7225541682996472,research,float64,True,3357968,1.0,0.031443700194358826,0.030471600126475096,0.043915800051763654,1.0,0.0,0.0,25
xlarge_29k,C1200H1900N320O450S25,50,0.0,research32_phase64,cython_log_pruned_attn32,cython_log_pruned_attn32,cython_log_pruned_attn32,0.002,35721,17861,31338.587624097498,0.7225541682996472,research,float32,True,3000748,0.8936201893526085,0.03298790007829666,0.03197150002233684,0.046890399884432554,0.9531889001642213,1.9570361325068112e-08,3.577631850422191e-08,25
xlarge_29k,C1200H1900N320O450S25,50,0.0,research32_uintphase,cython_log_pruned_attn32_uintphase,cython_log_pruned_attn32_uintphase,cython_log_pruned_attn32_uintphase,0.002,35721,17861,31338.587624097498,0.7225541682996472,research,float32,True,3000748,0.8936201893526085,0.033434800105169415,0.03249109978787601,0.04461869993247092,0.9404482783044142,1.9570361332507838e-08,3.577631849169025e-08,25
xlarge_29k,C1200H1900N320O450S25,50,0.0,production32_auto,cython_auto,cython_log_pruned_attn32,cython_log_pruned_attn32,0.002,35721,17861,31338.587624097498,0.7225541682996472,production,float32,True,2286308,0.6808605680578255,0.03386319987475872,0.0320244999602437,0.055701900040730834,0.928550766337845,1.9570361325068112e-08,3.577631850422191e-08,25
xlarge_29k,C1200H1900N320O450S25,50,0.0,minimal32_auto,cython_auto,cython_log_pruned_attn32_uintphase,cython_log_pruned_attn32_uintphase,0.002,35721,17861,31338.587624097498,0.7225541682996472,minimal,float32,False,1571868,0.4681009467630424,0.03378530009649694,0.03202320006676018,0.042707799933850765,0.9306917536487739,1.9570361332507838e-08,3.577631849169025e-08,25
xlarge_29k,C1200H1900N320O450S25,1,100000.0,research64,cython_log_pruned,cython_log_pruned,cython_log_pruned,0.002,32805,16403,28811.579669522853,0.020179235505700176,research,float64,True,3083864,1.0,6.079999729990959e-05,5.850009620189667e-05,8.469983004033566e-05,1.0,0.0,0.0,25
xlarge_29k,C1200H1900N320O450S25,1,100000.0,research32_phase64,cython_log_pruned_attn32,cython_log_pruned_attn32,cython_log_pruned_attn32,0.002,32805,16403,28811.579669522853,0.020179235505700176,research,float32,True,2755804,0.8936204709416499,5.6399963796138763e-05,5.610007792711258e-05,5.810009315609932e-05,1.0780148285143414,1.1416538563221969e-08,1.3828655402302965e-08,25
xlarge_29k,C1200H1900N320O450S25,1,100000.0,research32_uintphase,cython_log_pruned_attn32_uintphase,cython_log_pruned_attn32_uintphase,cython_log_pruned_attn32_uintphase,0.002,32805,16403,28811.579669522853,0.020179235505700176,research,float32,True,2755804,0.8936204709416499,6.029987707734108e-05,5.539995618164539e-05,9.570014663040638e-05,1.0082938846115235,1.1416538543217473e-08,1.3828655351858668e-08,25
xlarge_29k,C1200H1900N320O450S25,1,100000.0,production32_auto,cython_auto,cython_log_pruned_attn32,cython_log_pruned_attn32,0.002,32805,16403,28811.579669522853,0.020179235505700176,production,float32,True,2099684,0.6808614128249495,6.069988012313843e-05,5.969987250864506e-05,7.780012674629688e-05,1.0016493801399289,1.1416538563221969e-08,1.3828655402302965e-08,25
xlarge_29k,C1200H1900N320O450S25,1,100000.0,minimal32_auto,cython_auto,cython_log_pruned_attn32_uintphase,cython_log_pruned_attn32_uintphase,0.002,32805,16403,28811.579669522853,0.020179235505700176,minimal,float32,False,1443564,0.4681023547082491,5.530007183551788e-05,5.479995161294937e-05,6.29001297056675e-05,1.099456027484927,1.1416538543217473e-08,1.3828655351858668e-08,25
xlarge_29k,C1200H1900N320O450S25,10,100000.0,research64,cython_log_pruned,cython_log_pruned,cython_log_pruned,0.002,32805,16403,29275.723987710033,0.019142839724440648,research,float64,True,3083864,1.0,0.00026739994063973427,0.0002660001628100872,0.0003480000887066126,1.0,0.0,0.0,25
xlarge_29k,C1200H1900N320O450S25,10,100000.0,research32_phase64,cython_log_pruned_attn32,cython_log_pruned_attn32,cython_log_pruned_attn32,0.002,32805,16403,29275.723987710033,0.019142839724440648,research,float32,True,2755804,0.8936204709416499,0.00028689997270703316,0.00027650012634694576,0.00031020003370940685,0.932031948684738,9.363328775857987e-09,1.852369612129539e-08,25
xlarge_29k,C1200H1900N320O450S25,10,100000.0,research32_uintphase,cython_log_pruned_attn32_uintphase,cython_log_pruned_attn32_uintphase,cython_log_pruned_attn32_uintphase,0.002,32805,16403,29275.723987710033,0.019142839724440648,research,float32,True,2755804,0.8936204709416499,0.00027769990265369415,0.00027540000155568123,0.00032160012051463127,0.9629097384783586,9.363328777551974e-09,1.852369608293378e-08,25
xlarge_29k,C1200H1900N320O450S25,10,100000.0,production32_auto,cython_auto,cython_log_pruned_attn32,cython_log_pruned_attn32,0.002,32805,16403,29275.723987710033,0.019142839724440648,production,float32,True,2099684,0.6808614128249495,0.0002778000198304653,0.0002707000821828842,0.00033020018599927425,0.9625627125689985,9.363328775857987e-09,1.852369612129539e-08,25
xlarge_29k,C1200H1900N320O450S25,10,100000.0,minimal32_auto,cython_auto,cython_log_pruned_attn32_uintphase,cython_log_pruned_attn32_uintphase,0.002,32805,16403,29275.723987710033,0.019142839724440648,minimal,float32,False,1443564,0.4681023547082491,0.000282500172033906,0.0002741999924182892,0.0004211000632494688,0.9465478860226698,9.363328777551974e-09,1.852369608293378e-08,25
xlarge_29k,C1200H1900N320O450S25,50,100000.0,research64,cython_log_pruned,cython_log_pruned,cython_log_pruned,0.002,35721,17861,31338.587624097498,0.0159655114495269,research,float64,True,3357968,1.0,0.0010840999893844128,0.0010685001034289598,0.001246600179001689,1.0,0.0,0.0,25
xlarge_29k,C1200H1900N320O450S25,50,100000.0,research32_phase64,cython_log_pruned_attn32,cython_log_pruned_attn32,cython_log_pruned_attn32,0.002,35721,17861,31338.587624097498,0.0159655114495269,research,float32,True,3000748,0.8936201893526085,0.0011777998879551888,0.0011231000535190105,0.0013365999329835176,0.9204449758155003,8.261009947528663e-09,1.75700806446221e-08,25
xlarge_29k,C1200H1900N320O450S25,50,100000.0,research32_uintphase,cython_log_pruned_attn32_uintphase,cython_log_pruned_attn32_uintphase,cython_log_pruned_attn32_uintphase,0.002,35721,17861,31338.587624097498,0.0159655114495269,research,float32,True,3000748,0.8936201893526085,0.001158399973064661,0.0011047001462429762,0.0013506999239325523,0.935859819226618,8.261009952596266e-09,1.7570080643545623e-08,25
xlarge_29k,C1200H1900N320O450S25,50,100000.0,production32_auto,cython_auto,cython_log_pruned_attn32,cython_log_pruned_attn32,0.002,35721,17861,31338.587624097498,0.0159655114495269,production,float32,True,2286308,0.6808605680578255,0.0013334997929632664,0.0012385998852550983,0.0032947000581771135,0.8129734965877691,8.261009947528663e-09,1.75700806446221e-08,25
xlarge_29k,C1200H1900N320O450S25,50,100000.0,minimal32_auto,cython_auto,cython_log_pruned_attn32_uintphase,cython_log_pruned_attn32_uintphase,0.002,35721,17861,31338.587624097498,0.0159655114495269,minimal,float32,False,1571868,0.4681009467630424,0.0013760000001639128,0.0011881000827997923,0.002898099832236767,0.7878633642843546,8.261009952596266e-09,1.7570080643545623e-08,25
huge_60k,C2500H4000N650O900S50,1,0.0,research64,cython_log_pruned,cython_log_pruned,cython_log_pruned,0.002,42525,21263,59165.897109661404,0.4227061092037812,research,float64,True,3997544,1.0,0.0005391000304371119,0.0004941001534461975,0.0009886999614536762,1.0,0.0,0.0,25
huge_60k,C2500H4000N650O900S50,1,0.0,research32_phase64,cython_log_pruned_attn32,cython_log_pruned_attn32,cython_log_pruned_attn32,0.002,42525,21263,59165.897109661404,0.4227061092037812,research,float32,True,3572284,0.8936196824850459,0.0005593001842498779,0.0005119999404996634,0.0006947999354451895,0.9638831625992433,1.6863883901022685e-08,1.81589482629443e-08,25
huge_60k,C2500H4000N650O900S50,1,0.0,research32_uintphase,cython_log_pruned_attn32_uintphase,cython_log_pruned_attn32_uintphase,cython_log_pruned_attn32_uintphase,0.002,42525,21263,59165.897109661404,0.4227061092037812,research,float32,True,3572284,0.8936196824850459,0.0005832999013364315,0.0005129999481141567,0.0007345001213252544,0.9242244498960983,1.6863883925724793e-08,1.8158948272118368e-08,25
huge_60k,C2500H4000N650O900S50,1,0.0,production32_auto,cython_auto,cython_log_pruned_attn32,cython_log_pruned_attn32,0.002,42525,21263,59165.897109661404,0.4227061092037812,production,float32,True,2721764,0.6808590474551375,0.0005131000652909279,0.0005079000256955624,0.00072310003452003,1.0506723091750962,1.6863883901022685e-08,1.81589482629443e-08,25
huge_60k,C2500H4000N650O900S50,1,0.0,minimal32_auto,cython_auto,cython_log_pruned_attn32_uintphase,cython_log_pruned_attn32_uintphase,0.002,42525,21263,59165.897109661404,0.4227061092037812,minimal,float32,False,1871244,0.4680984124252291,0.0005381000228226185,0.0005107000470161438,0.0006238999776542187,1.0018584047055932,1.6863883925724793e-08,1.8158948272118368e-08,25
huge_60k,C2500H4000N650O900S50,10,0.0,research64,cython_log_pruned,cython_log_pruned,cython_log_pruned,0.002,42525,21263,59630.04142784859,0.4182852842966655,research,float64,True,3997544,1.0,0.005303699988871813,0.004988400032743812,0.0063732999842613935,1.0,0.0,0.0,25
huge_60k,C2500H4000N650O900S50,10,0.0,research32_phase64,cython_log_pruned_attn32,cython_log_pruned_attn32,cython_log_pruned_attn32,0.002,42525,21263,59630.04142784859,0.4182852842966655,research,float32,True,3572284,0.8936196824850459,0.006116299889981747,0.005333800101652741,0.010027599986642599,0.8671419132928816,1.8278252348388857e-08,2.91203155116649e-08,25
huge_60k,C2500H4000N650O900S50,10,0.0,research32_uintphase,cython_log_pruned_attn32_uintphase,cython_log_pruned_attn32_uintphase,cython_log_pruned_attn32_uintphase,0.002,42525,21263,59630.04142784859,0.4182852842966655,research,float32,True,3572284,0.8936196824850459,0.005818300181999803,0.005548899993300438,0.007259499980136752,0.9115548911140716,1.8278252375505618e-08,2.9120315517281026e-08,25
huge_60k,C2500H4000N650O900S50,10,0.0,production32_auto,cython_auto,cython_log_pruned_attn32,cython_log_pruned_attn32,0.002,42525,21263,59630.04142784859,0.4182852842966655,production,float32,True,2721764,0.6808590474551375,0.005628400016576052,0.0055154000874608755,0.006551600061357021,0.9423104209459219,1.8278252348388857e-08,2.91203155116649e-08,25
huge_60k,C2500H4000N650O900S50,10,0.0,minimal32_auto,cython_auto,cython_log_pruned_attn32_uintphase,cython_log_pruned_attn32_uintphase,0.002,42525,21263,59630.04142784859,0.4182852842966655,minimal,float32,False,1871244,0.4680984124252291,0.005738799925893545,0.005406499840319157,0.006855699932202697,0.9241827659719316,1.8278252375505618e-08,2.9120315517281026e-08,25
huge_60k,C2500H4000N650O900S50,50,0.0,research64,cython_log_pruned,cython_log_pruned,cython_log_pruned,0.002,45927,22964,61692.90506423605,0.39841491029437387,research,float64,True,4317332,1.0,0.02681089984253049,0.026321300072595477,0.03827899997122586,1.0,0.0,0.0,25
huge_60k,C2500H4000N650O900S50,50,0.0,research32_phase64,cython_log_pruned_attn32,cython_log_pruned_attn32,cython_log_pruned_attn32,0.002,45927,22964,61692.90506423605,0.39841491029437387,research,float32,True,3858052,0.8936194853673519,0.028803199995309114,0.02815350005403161,0.03817879990674555,0.9308305968398272,1.847589026685698e-08,2.7195088666849347e-08,25
huge_60k,C2500H4000N650O900S50,50,0.0,research32_uintphase,cython_log_pruned_attn32_uintphase,cython_log_pruned_attn32_uintphase,cython_log_pruned_attn32_uintphase,0.002,45927,22964,61692.90506423605,0.39841491029437387,research,float32,True,3858052,0.8936194853673519,0.03195560001768172,0.028261099942028522,0.052137000020593405,0.8390047386904156,1.847589029430665e-08,2.7195088673444465e-08,25
huge_60k,C2500H4000N650O900S50,50,0.0,production32_auto,cython_auto,cython_log_pruned_attn32,cython_log_pruned_attn32,0.002,45927,22964,61692.90506423605,0.39841491029437387,production,float32,True,2939492,0.6808584561020556,0.03927600011229515,0.028328599873930216,0.13679330004379153,0.6826280620703399,1.847589026685698e-08,2.7195088666849347e-08,25
huge_60k,C2500H4000N650O900S50,50,0.0,minimal32_auto,cython_auto,cython_log_pruned_attn32_uintphase,cython_log_pruned_attn32_uintphase,0.002,45927,22964,61692.90506423605,0.39841491029437387,minimal,float32,False,2020932,0.46809742683675937,0.03308229986578226,0.029032599879428744,0.08222740003839135,0.8104303495012323,1.847589029430665e-08,2.7195088673444465e-08,25
huge_60k,C2500H4000N650O900S50,1,100000.0,research64,cython_log_pruned,cython_log_pruned,cython_log_pruned,0.002,42525,21263,59165.897109661404,0.005690636316606311,research,float64,True,3997544,1.0,4.659988917410374e-05,4.600011743605137e-05,0.00014279992319643497,1.0,0.0,0.0,25
huge_60k,C2500H4000N650O900S50,1,100000.0,research32_phase64,cython_log_pruned_attn32,cython_log_pruned_attn32,cython_log_pruned_attn32,0.002,42525,21263,59165.897109661404,0.005690636316606311,research,float32,True,3572284,0.8936196824850459,4.740012809634209e-05,4.710000939667225e-05,5.0099799409508705e-05,0.9831173679401912,7.0204978222545996e-09,7.345461769167595e-09,25
huge_60k,C2500H4000N650O900S50,1,100000.0,research32_uintphase,cython_log_pruned_attn32_uintphase,cython_log_pruned_attn32_uintphase,cython_log_pruned_attn32_uintphase,0.002,42525,21263,59165.897109661404,0.005690636316606311,research,float32,True,3572284,0.8936196824850459,5.13000413775444e-05,5.079992115497589e-05,5.3999945521354675e-05,0.9083791732476445,7.020497783932935e-09,7.345461678633474e-09,25
huge_60k,C2500H4000N650O900S50,1,100000.0,production32_auto,cython_auto,cython_log_pruned_attn32,cython_log_pruned_attn32,0.002,42525,21263,59165.897109661404,0.005690636316606311,production,float32,True,2721764,0.6808590474551375,5.150004290044308e-05,5.019991658627987e-05,7.830001413822174e-05,0.9048514632150494,7.0204978222545996e-09,7.345461769167595e-09,25
huge_60k,C2500H4000N650O900S50,1,100000.0,minimal32_auto,cython_auto,cython_log_pruned_attn32_uintphase,cython_log_pruned_attn32_uintphase,0.002,42525,21263,59165.897109661404,0.005690636316606311,minimal,float32,False,1871244,0.4680984124252291,5.139992572367191e-05,5.019991658627987e-05,0.00010940013453364372,0.9066139399622216,7.020497783932935e-09,7.345461678633474e-09,25
huge_60k,C2500H4000N650O900S50,10,100000.0,research64,cython_log_pruned,cython_log_pruned,cython_log_pruned,0.002,42525,21263,59630.04142784859,0.0055260311338945585,research,float64,True,3997544,1.0,0.00015629990957677364,0.00015400000847876072,0.0001680999994277954,1.0,0.0,0.0,25
huge_60k,C2500H4000N650O900S50,10,100000.0,research32_phase64,cython_log_pruned_attn32,cython_log_pruned_attn32,cython_log_pruned_attn32,0.002,42525,21263,59630.04142784859,0.0055260311338945585,research,float32,True,3572284,0.8936196824850459,0.0001621998380869627,0.00016000005416572094,0.00016870000399649143,0.963625558571607,8.726716790014056e-09,1.3751576173632819e-08,25
huge_60k,C2500H4000N650O900S50,10,100000.0,research32_uintphase,cython_log_pruned_attn32_uintphase,cython_log_pruned_attn32_uintphase,cython_log_pruned_attn32_uintphase,0.002,42525,21263,59630.04142784859,0.0055260311338945585,research,float32,True,3572284,0.8936196824850459,0.00016850000247359276,0.00016160006634891033,0.00020999996922910213,0.9275958889156034,8.72671678918138e-09,1.3751576184304619e-08,25
huge_60k,C2500H4000N650O900S50,10,100000.0,production32_auto,cython_auto,cython_log_pruned_attn32,cython_log_pruned_attn32,0.002,42525,21263,59630.04142784859,0.0055260311338945585,production,float32,True,2721764,0.6808590474551375,0.00016939989291131496,0.00016289995983242989,0.0002570999786257744,0.92266829034302,8.726716790014056e-09,1.3751576173632819e-08,25
huge_60k,C2500H4000N650O900S50,10,100000.0,minimal32_auto,cython_auto,cython_log_pruned_attn32_uintphase,cython_log_pruned_attn32_uintphase,0.002,42525,21263,59630.04142784859,0.0055260311338945585,minimal,float32,False,1871244,0.4680984124252291,0.00016860011965036392,0.00016179983504116535,0.00017310003750026226,0.9270450691310425,8.72671678918138e-09,1.3751576184304619e-08,25
huge_60k,C2500H4000N650O900S50,50,100000.0,research64,cython_log_pruned,cython_log_pruned,cython_log_pruned,0.002,45927,22964,61692.90506423605,0.0051567671137432505,research,float64,True,4317332,1.0,0.0006428000051528215,0.0006356001831591129,0.0008544998709112406,1.0,0.0,0.0,25
huge_60k,C2500H4000N650O900S50,50,100000.0,research32_phase64,cython_log_pruned_attn32,cython_log_pruned_attn32,cython_log_pruned_attn32,0.002,45927,22964,61692.90506423605,0.0051567671137432505,research,float32,True,3858052,0.8936194853673519,0.0008060999680310488,0.0007053001318126917,0.002075199969112873,0.7974197129952778,9.479196129657197e-09,1.855893089368673e-08,25
huge_60k,C2500H4000N650O900S50,50,100000.0,research32_uintphase,cython_log_pruned_attn32_uintphase,cython_log_pruned_attn32_uintphase,cython_log_pruned_attn32_uintphase,0.002,45927,22964,61692.90506423605,0.0051567671137432505,research,float32,True,3858052,0.8936194853673519,0.0007907000835984945,0.0006970001850277185,0.0034240998793393373,0.8129504707112508,9.479196176668527e-09,1.855893091840132e-08,25
huge_60k,C2500H4000N650O900S50,50,100000.0,production32_auto,cython_auto,cython_log_pruned_attn32,cython_log_pruned_attn32,0.002,45927,22964,61692.90506423605,0.0051567671137432505,production,float32,True,2939492,0.6808584561020556,0.0007487998809665442,0.0007138000801205635,0.0009095000568777323,0.8584403142841063,9.479196129657197e-09,1.855893089368673e-08,25
huge_60k,C2500H4000N650O900S50,50,100000.0,minimal32_auto,cython_auto,cython_log_pruned_attn32_uintphase,cython_log_pruned_attn32_uintphase,0.002,45927,22964,61692.90506423605,0.0051567671137432505,minimal,float32,False,2020932,0.46809742683675937,0.0007180999964475632,0.0007087001577019691,0.0010331999510526657,0.8951399642567187,9.479196176668527e-09,1.855893091840132e-08,25
huge_120k,C5000H8000N1300O1800S100,1,0.0,research64,cython_log_pruned,cython_log_pruned,cython_log_pruned,0.002,59049,29525,118331.79421932281,0.20985605419136324,research,float64,True,5550800,1.0,0.00046909996308386326,0.00046650017611682415,0.0004933997988700867,1.0,0.0,0.0,25
huge_120k,C5000H8000N1300O1800S100,1,0.0,research32_phase64,cython_log_pruned_attn32,cython_log_pruned_attn32,cython_log_pruned_attn32,0.002,59049,29525,118331.79421932281,0.20985605419136324,research,float32,True,4960300,0.8936189378107661,0.00048690009862184525,0.00048439996317029,0.0005436998326331377,0.9634419142892665,1.7578414772909097e-08,2.10542178173619e-08,25
huge_120k,C5000H8000N1300O1800S100,1,0.0,research32_uintphase,cython_log_pruned_attn32_uintphase,cython_log_pruned_attn32_uintphase,cython_log_pruned_attn32_uintphase,0.002,59049,29525,118331.79421932281,0.20985605419136324,research,float32,True,4960300,0.8936189378107661,0.000490299891680479,0.00048750010319054127,0.0005262999329715967,0.9567613027121951,1.7578414867770137e-08,2.1054217764760178e-08,25
huge_120k,C5000H8000N1300O1800S100,1,0.0,production32_auto,cython_auto,cython_log_pruned_attn32,cython_log_pruned_attn32,0.002,59049,29525,118331.79421932281,0.20985605419136324,production,float32,True,3779300,0.6808568134322981,0.0005181001033633947,0.0004719998687505722,0.0005361000075936317,0.905423411496286,1.7578414772909097e-08,2.10542178173619e-08,25
huge_120k,C5000H8000N1300O1800S100,1,0.0,minimal32_auto,cython_auto,cython_log_pruned_attn32_uintphase,cython_log_pruned_attn32_uintphase,0.002,59049,29525,118331.79421932281,0.20985605419136324,minimal,float32,False,2598300,0.46809468905383006,0.0004771000239998102,0.0004751000087708235,0.0005584999453276396,0.983231899992631,1.7578414867770137e-08,2.1054217764760178e-08,25
huge_120k,C5000H8000N1300O1800S100,10,0.0,research64,cython_log_pruned,cython_log_pruned,cython_log_pruned,0.002,59049,29525,118795.93853751,0.20517866215071973,research,float64,True,5550800,1.0,0.005235299933701754,0.004802000010386109,0.012732100207358599,1.0,0.0,0.0,25
huge_120k,C5000H8000N1300O1800S100,10,0.0,research32_phase64,cython_log_pruned_attn32,cython_log_pruned_attn32,cython_log_pruned_attn32,0.002,59049,29525,118795.93853751,0.20517866215071973,research,float32,True,4960300,0.8936189378107661,0.006069400114938617,0.005549399880692363,0.00851469999179244,0.8625728794541174,1.7427282338616176e-08,2.2409357631357273e-08,25
huge_120k,C5000H8000N1300O1800S100,10,0.0,research32_uintphase,cython_log_pruned_attn32_uintphase,cython_log_pruned_attn32_uintphase,cython_log_pruned_attn32_uintphase,0.002,59049,29525,118795.93853751,0.20517866215071973,research,float32,True,4960300,0.8936189378107661,0.005758099956437945,0.0055195000022649765,0.006647300207987428,0.9092061571193001,1.742728243958745e-08,2.2409357642871058e-08,25
huge_120k,C5000H8000N1300O1800S100,10,0.0,production32_auto,cython_auto,cython_log_pruned_attn32,cython_log_pruned_attn32,0.002,59049,29525,118795.93853751,0.20517866215071973,production,float32,True,3779300,0.6808568134322981,0.005464799934998155,0.005292800022289157,0.006100300000980496,0.9580039518324144,1.7427282338616176e-08,2.2409357631357273e-08,25
huge_120k,C5000H8000N1300O1800S100,10,0.0,minimal32_auto,cython_auto,cython_log_pruned_attn32_uintphase,cython_log_pruned_attn32_uintphase,0.002,59049,29525,118795.93853751,0.20517866215071973,minimal,float32,False,2598300,0.46809468905383006,0.005565900122746825,0.005329799838364124,0.006289700046181679,0.9406025653076366,1.742728243958745e-08,2.2409357642871058e-08,25
huge_120k,C5000H8000N1300O1800S100,50,0.0,research64,cython_log_pruned,cython_log_pruned,cython_log_pruned,0.002,64827,32414,120858.80217389745,0.1882013944591843,research,float64,True,6093932,1.0,0.02777120005339384,0.027342500165104866,0.05064669996500015,1.0,0.0,0.0,25
huge_120k,C5000H8000N1300O1800S100,50,0.0,research32_phase64,cython_log_pruned_attn32,cython_log_pruned_attn32,cython_log_pruned_attn32,0.002,64827,32414,120858.80217389745,0.1882013944591843,research,float32,True,5445652,0.8936187669964154,0.031137699959799647,0.029122099978849292,0.04689249978400767,0.891883475312816,1.795076943172335e-08,2.7924342686929392e-08,25
huge_120k,C5000H8000N1300O1800S100,50,0.0,research32_uintphase,cython_log_pruned_attn32_uintphase,cython_log_pruned_attn32_uintphase,cython_log_pruned_attn32_uintphase,0.002,64827,32414,120858.80217389745,0.1882013944591843,research,float32,True,5445652,0.8936187669964154,0.031723499996587634,0.02929119998589158,0.039797999896109104,0.8754141269526085,1.795076953837095e-08,2.7924342702247116e-08,25
huge_120k,C5000H8000N1300O1800S100,50,0.0,production32_auto,cython_auto,cython_log_pruned_attn32,cython_log_pruned_attn32,0.002,64827,32414,120858.80217389745,0.1882013944591843,production,float32,True,4149092,0.6808563009892463,0.030448499834164977,0.02882429980672896,0.04634000011719763,0.9120712089149611,1.795076943172335e-08,2.7924342686929392e-08,25
huge_120k,C5000H8000N1300O1800S100,50,0.0,minimal32_auto,cython_auto,cython_log_pruned_attn32_uintphase,cython_log_pruned_attn32_uintphase,0.002,64827,32414,120858.80217389745,0.1882013944591843,minimal,float32,False,2852532,0.46809383498207724,0.030851799994707108,0.029517099959775805,0.046015899861231446,0.9001484535151346,1.795076953837095e-08,2.7924342702247116e-08,25
huge_120k,C5000H8000N1300O1800S100,1,100000.0,research64,cython_log_pruned,cython_log_pruned,cython_log_pruned,0.002,59049,29525,118331.79421932281,0.0019983065198983913,research,float64,True,5550800,1.0,4.5000109821558e-05,4.479987546801567e-05,5.039991810917854e-05,1.0,0.0,0.0,25
huge_120k,C5000H8000N1300O1800S100,1,100000.0,research32_phase64,cython_log_pruned_attn32,cython_log_pruned_attn32,cython_log_pruned_attn32,0.002,59049,29525,118331.79421932281,0.0019983065198983913,research,float32,True,4960300,0.8936189378107661,4.619988612830639e-05,4.5900000259280205e-05,7.770000956952572e-05,0.9740307518634057,1.1761084729639341e-08,1.6138021786866396e-08,25
huge_120k,C5000H8000N1300O1800S100,1,100000.0,research32_uintphase,cython_log_pruned_attn32_uintphase,cython_log_pruned_attn32_uintphase,cython_log_pruned_attn32_uintphase,0.002,59049,29525,118331.79421932281,0.0019983065198983913,research,float32,True,4960300,0.8936189378107661,4.630000330507755e-05,4.520011134445667e-05,9.50000248849392e-05,0.9719245487963712,1.176108477290204e-08,1.6138021821306636e-08,25
huge_120k,C5000H8000N1300O1800S100,1,100000.0,production32_auto,cython_auto,cython_log_pruned_attn32,cython_log_pruned_attn32,0.002,59049,29525,118331.79421932281,0.0019983065198983913,production,float32,True,3779300,0.6808568134322981,4.600011743605137e-05,4.559988155961037e-05,8.199992589652538e-05,0.9782607595321128,1.1761084729639341e-08,1.6138021786866396e-08,25
huge_120k,C5000H8000N1300O1800S100,1,100000.0,minimal32_auto,cython_auto,cython_log_pruned_attn32_uintphase,cython_log_pruned_attn32_uintphase,0.002,59049,29525,118331.79421932281,0.0019983065198983913,minimal,float32,False,2598300,0.46809468905383006,4.460010677576065e-05,4.409998655319214e-05,4.710000939667225e-05,1.0089686566852514,1.176108477290204e-08,1.6138021821306636e-08,25
huge_120k,C5000H8000N1300O1800S100,10,100000.0,research64,cython_log_pruned,cython_log_pruned,cython_log_pruned,0.002,59049,29525,118795.93853751,0.001998306519898391,research,float64,True,5550800,1.0,0.00012159999459981918,0.00011999998241662979,0.00017279991880059242,1.0,0.0,0.0,25
huge_120k,C5000H8000N1300O1800S100,10,100000.0,research32_phase64,cython_log_pruned_attn32,cython_log_pruned_attn32,cython_log_pruned_attn32,0.002,59049,29525,118795.93853751,0.001998306519898391,research,float32,True,4960300,0.8936189378107661,0.00012280000373721123,0.00012159999459981918,0.00012610014528036118,0.9902279389179822,8.87636245608838e-09,1.7167424422184697e-08,25
huge_120k,C5000H8000N1300O1800S100,10,100000.0,research32_uintphase,cython_log_pruned_attn32_uintphase,cython_log_pruned_attn32_uintphase,cython_log_pruned_attn32_uintphase,0.002,59049,29525,118795.93853751,0.001998306519898391,research,float32,True,4960300,0.8936189378107661,0.00012649991549551487,0.00012400001287460327,0.00012909993529319763,0.9612654215893969,8.876362490705803e-09,1.7167424492039173e-08,25
huge_120k,C5000H8000N1300O1800S100,10,100000.0,production32_auto,cython_auto,cython_log_pruned_attn32,cython_log_pruned_attn32,0.002,59049,29525,118795.93853751,0.001998306519898391,production,float32,True,3779300,0.6808568134322981,0.00012360000982880592,0.0001221999991685152,0.0001906000543385744,0.983818648301429,8.87636245608838e-09,1.7167424422184697e-08,25
huge_120k,C5000H8000N1300O1800S100,10,100000.0,minimal32_auto,cython_auto,cython_log_pruned_attn32_uintphase,cython_log_pruned_attn32_uintphase,0.002,59049,29525,118795.93853751,0.001998306519898391,minimal,float32,False,2598300,0.46809468905383006,0.00012620002962648869,0.00012390012852847576,0.00012820004485547543,0.9635496517688299,8.876362490705803e-09,1.7167424492039173e-08,25
huge_120k,C5000H8000N1300O1800S100,50,100000.0,research64,cython_log_pruned,cython_log_pruned,cython_log_pruned,0.002,64827,32414,120858.80217389745,0.0019072005923366445,research,float64,True,6093932,1.0,0.0005815001204609871,0.0004978999495506287,0.0012769000604748726,1.0,0.0,0.0,25
huge_120k,C5000H8000N1300O1800S100,50,100000.0,research32_phase64,cython_log_pruned_attn32,cython_log_pruned_attn32,cython_log_pruned_attn32,0.002,64827,32414,120858.80217389745,0.0019072005923366445,research,float32,True,5445652,0.8936187669964154,0.0005629998631775379,0.0005181999877095222,0.0009260999504476786,1.032860145256581,9.179758020080297e-09,1.9071275601201474e-08,25
huge_120k,C5000H8000N1300O1800S100,50,100000.0,research32_uintphase,cython_log_pruned_attn32_uintphase,cython_log_pruned_attn32_uintphase,cython_log_pruned_attn32_uintphase,0.002,64827,32414,120858.80217389745,0.0019072005923366445,research,float32,True,5445652,0.8936187669964154,0.0005204000044614077,0.000506300013512373,0.0006328001618385315,1.1174099067558916,9.179758276683295e-09,1.907127560038414e-08,25
huge_120k,C5000H8000N1300O1800S100,50,100000.0,production32_auto,cython_auto,cython_log_pruned_attn32,cython_log_pruned_attn32,0.002,64827,32414,120858.80217389745,0.0019072005923366445,production,float32,True,4149092,0.6808563009892463,0.0005548000335693359,0.0005129000637680292,0.0006564999930560589,1.0481256043188656,9.179758020080297e-09,1.9071275601201474e-08,25
huge_120k,C5000H8000N1300O1800S100,50,100000.0,minimal32_auto,cython_auto,cython_log_pruned_attn32_uintphase,cython_log_pruned_attn32_uintphase,0.002,64827,32414,120858.80217389745,0.0019072005923366445,minimal,float32,False,2852532,0.46809383498207724,0.0005359998904168606,0.0005117000546306372,0.001434100093320012,1.0848885062434246,9.179758276683295e-09,1.907127560038414e-08,25
huge_240k,C10000H16000N2600O3600S200,1,0.0,research64,cython_log_pruned,cython_log_pruned,cython_log_pruned,0.002,83349,41675,236663.58843864562,0.031865626874625075,research,float64,True,7835000,1.0,0.00034149992279708385,0.0003299999516457319,0.0004328000359237194,1.0,0.0,0.0,25
huge_240k,C10000H16000N2600O3600S200,1,0.0,research32_phase64,cython_log_pruned_attn32,cython_log_pruned_attn32,cython_log_pruned_attn32,0.002,83349,41675,236663.58843864562,0.031865626874625075,research,float32,True,7001500,0.8936183790682833,0.00041030021384358406,0.00040849996730685234,0.00046820007264614105,0.832317194275876,1.8892192113935626e-08,2.2137907796735383e-08,25
huge_240k,C10000H16000N2600O3600S200,1,0.0,research32_uintphase,cython_log_pruned_attn32_uintphase,cython_log_pruned_attn32_uintphase,cython_log_pruned_attn32_uintphase,0.002,83349,41675,236663.58843864562,0.031865626874625075,research,float32,True,7001500,0.8936183790682833,0.000412199879065156,0.000399900134652853,0.00046440004371106625,0.828481375520014,1.8892192482420746e-08,2.2137907747723998e-08,25
huge_240k,C10000H16000N2600O3600S200,1,0.0,production32_auto,cython_auto,cython_log_pruned_attn32_uintphase_threshold,cython_log_pruned_attn32_uintphase_threshold,0.002,83349,41675,236663.58843864562,0.031865626874625075,production,float32,True,5334500,0.68085513720485,0.0003112000413239002,0.0003005999606102705,0.00040209991857409477,1.0973646447612364,1.8892192482420746e-08,2.2137907747723998e-08,25
huge_240k,C10000H16000N2600O3600S200,1,0.0,minimal32_auto,cython_auto,cython_log_pruned_attn32_uintphase_threshold,cython_log_pruned_attn32_uintphase_threshold,0.002,83349,41675,236663.58843864562,0.031865626874625075,minimal,float32,False,3667500,0.4680918953414167,0.0003016998525708914,0.00030019995756447315,0.00033760000951588154,1.13191942219077,1.8892192482420746e-08,2.2137907747723998e-08,25
huge_240k,C10000H16000N2600O3600S200,10,0.0,research64,cython_log_pruned,cython_log_pruned,cython_log_pruned,0.002,83349,41675,237127.7327568328,0.03131613677264547,research,float64,True,7835000,1.0,0.004298600135371089,0.004185299854725599,0.004738299874588847,1.0,0.0,0.0,25
huge_240k,C10000H16000N2600O3600S200,10,0.0,research32_phase64,cython_log_pruned_attn32,cython_log_pruned_attn32,cython_log_pruned_attn32,0.002,83349,41675,237127.7327568328,0.03131613677264547,research,float32,True,7001500,0.8936183790682833,0.00492909993045032,0.004729700041934848,0.005723300157114863,0.8720862218304369,1.7654683749057758e-08,2.5070655470786625e-08,25
huge_240k,C10000H16000N2600O3600S200,10,0.0,research32_uintphase,cython_log_pruned_attn32_uintphase,cython_log_pruned_attn32_uintphase,cython_log_pruned_attn32_uintphase,0.002,83349,41675,237127.7327568328,0.03131613677264547,research,float32,True,7001500,0.8936183790682833,0.0048240001779049635,0.004621400032192469,0.005282700061798096,0.8910862306887284,1.765468414294182e-08,2.5070655452311335e-08,25
huge_240k,C10000H16000N2600O3600S200,10,0.0,production32_auto,cython_auto,cython_log_pruned_attn32_uintphase_threshold,cython_log_pruned_attn32_uintphase_threshold,0.002,83349,41675,237127.7327568328,0.03131613677264547,production,float32,True,5334500,0.68085513720485,0.003660599933937192,0.0034964000806212425,0.003894499968737364,1.1742884262000437,1.765468414294182e-08,2.5070655452311335e-08,25
huge_240k,C10000H16000N2600O3600S200,10,0.0,minimal32_auto,cython_auto,cython_log_pruned_attn32_uintphase_threshold,cython_log_pruned_attn32_uintphase_threshold,0.002,83349,41675,237127.7327568328,0.03131613677264547,minimal,float32,False,3667500,0.4680918953414167,0.0038916999474167824,0.0035474998876452446,0.006855600047856569,1.104555899337614,1.765468414294182e-08,2.5070655452311335e-08,25
huge_240k,C10000H16000N2600O3600S200,50,0.0,research64,cython_log_pruned,cython_log_pruned,cython_log_pruned,0.002,84035,42018,239190.59639322027,0.029179875291541722,research,float64,True,7899484,1.0,0.020345100201666355,0.019851000048220158,0.029317399952560663,1.0,0.0,0.0,25
huge_240k,C10000H16000N2600O3600S200,50,0.0,research32_phase64,cython_log_pruned_attn32,cython_log_pruned_attn32,cython_log_pruned_attn32,0.002,84035,42018,239190.59639322027,0.029179875291541722,research,float32,True,7059124,0.8936183679845418,0.02426430000923574,0.023102999897673726,0.04305980005301535,0.8384787607275868,1.6135111133277856e-08,2.6293203619814004e-08,25
huge_240k,C10000H16000N2600O3600S200,50,0.0,research32_uintphase,cython_log_pruned_attn32_uintphase,cython_log_pruned_attn32_uintphase,cython_log_pruned_attn32_uintphase,0.002,84035,42018,239190.59639322027,0.029179875291541722,research,float32,True,7059124,0.8936183679845418,0.026112299878150225,0.024239399936050177,0.046139099868014455,0.779138578241067,1.613511154528947e-08,2.6293203670779676e-08,25
huge_240k,C10000H16000N2600O3600S200,50,0.0,production32_auto,cython_auto,cython_log_pruned_attn32_uintphase_threshold,cython_log_pruned_attn32_uintphase_threshold,0.002,84035,42018,239190.59639322027,0.029179875291541722,production,float32,True,5378404,0.6808551039536254,0.019856000086292624,0.018234000075608492,0.03439499996602535,1.0246323586446484,1.613511154528947e-08,2.6293203670779676e-08,25
huge_240k,C10000H16000N2600O3600S200,50,0.0,minimal32_auto,cython_auto,cython_log_pruned_attn32_uintphase_threshold,cython_log_pruned_attn32_uintphase_threshold,0.002,84035,42018,239190.59639322027,0.029179875291541722,minimal,float32,False,3697684,0.46809183992270886,0.02003010013140738,0.01849459996446967,0.02170859999023378,1.015726335275032,1.613511154528947e-08,2.6293203670779676e-08,25
huge_240k,C10000H16000N2600O3600S200,1,100000.0,research64,cython_log_pruned,cython_log_pruned,cython_log_pruned,0.002,83349,41675,236663.58843864562,0.0007438512297540491,research,float64,True,7835000,1.0,5.170004442334175e-05,5.050003528594971e-05,0.0009182998910546303,1.0,0.0,0.0,25
huge_240k,C10000H16000N2600O3600S200,1,100000.0,research32_phase64,cython_log_pruned_attn32,cython_log_pruned_attn32,cython_log_pruned_attn32,0.002,83349,41675,236663.58843864562,0.0007438512297540491,research,float32,True,7001500,0.8936183790682833,5.2800169214606285e-05,5.070003680884838e-05,0.0003762999549508095,0.9791643699702348,1.395483272482543e-08,1.560129522741414e-08,25
huge_240k,C10000H16000N2600O3600S200,1,100000.0,research32_uintphase,cython_log_pruned_attn32_uintphase,cython_log_pruned_attn32_uintphase,cython_log_pruned_attn32_uintphase,0.002,83349,41675,236663.58843864562,0.0007438512297540491,research,float32,True,7001500,0.8936183790682833,6.019999273121357e-05,5.370005965232849e-05,0.0006264001131057739,0.8588048283357248,1.3954832909398935e-08,1.560129534580787e-08,25
huge_240k,C10000H16000N2600O3600S200,1,100000.0,production32_auto,cython_auto,cython_log_pruned_attn32,cython_log_pruned_attn32,0.002,83349,41675,236663.58843864562,0.0007438512297540491,production,float32,True,5334500,0.68085513720485,5.559995770454407e-05,5.4200179874897e-05,0.0001609001774340868,0.929857621440536,1.395483272482543e-08,1.560129522741414e-08,25
huge_240k,C10000H16000N2600O3600S200,1,100000.0,minimal32_auto,cython_auto,cython_log_pruned_attn32_uintphase,cython_log_pruned_attn32_uintphase,0.002,83349,41675,236663.58843864562,0.0007438512297540491,minimal,float32,False,3667500,0.4680918953414167,5.3900061175227165e-05,5.339994095265865e-05,5.979998968541622e-05,0.9591834089996069,1.3954832909398935e-08,1.560129534580787e-08,25
huge_240k,C10000H16000N2600O3600S200,10,100000.0,research64,cython_log_pruned,cython_log_pruned,cython_log_pruned,0.002,83349,41675,237127.7327568328,0.0007438512297540491,research,float64,True,7835000,1.0,0.00011150003410875797,0.0001091999001801014,0.0002095999661833048,1.0,0.0,0.0,25
huge_240k,C10000H16000N2600O3600S200,10,100000.0,research32_phase64,cython_log_pruned_attn32,cython_log_pruned_attn32,cython_log_pruned_attn32,0.002,83349,41675,237127.7327568328,0.0007438512297540491,research,float32,True,7001500,0.8936183790682833,0.00011289981193840504,0.00010939990170300007,0.0002516000531613827,0.9876015929024687,9.158120398752657e-09,1.560129522741414e-08,25
huge_240k,C10000H16000N2600O3600S200,10,100000.0,research32_uintphase,cython_log_pruned_attn32_uintphase,cython_log_pruned_attn32_uintphase,cython_log_pruned_attn32_uintphase,0.002,83349,41675,237127.7327568328,0.0007438512297540491,research,float32,True,7001500,0.8936183790682833,0.00011190003715455532,0.0001105000264942646,0.00015510013327002525,0.9964253537713766,9.158120675236407e-09,1.560129534580787e-08,25
huge_240k,C10000H16000N2600O3600S200,10,100000.0,production32_auto,cython_auto,cython_log_pruned_attn32,cython_log_pruned_attn32,0.002,83349,41675,237127.7327568328,0.0007438512297540491,production,float32,True,5334500,0.68085513720485,0.00011099991388618946,0.00010910001583397388,0.0001376001164317131,1.0045055910861453,9.158120398752657e-09,1.560129522741414e-08,25
huge_240k,C10000H16000N2600O3600S200,10,100000.0,minimal32_auto,cython_auto,cython_log_pruned_attn32_uintphase,cython_log_pruned_attn32_uintphase,0.002,83349,41675,237127.7327568328,0.0007438512297540491,minimal,float32,False,3667500,0.4680918953414167,0.00011300016194581985,0.00011039990931749344,0.00019869999960064888,0.9867245514410754,9.158120675236407e-09,1.560129534580787e-08,25
huge_240k,C10000H16000N2600O3600S200,50,100000.0,research64,cython_log_pruned,cython_log_pruned,cython_log_pruned,0.002,84035,42018,239190.59639322027,0.0007158836689038031,research,float64,True,7899484,1.0,0.0004235999658703804,0.000386199913918972,0.0010593000333756208,1.0,0.0,0.0,25
huge_240k,C10000H16000N2600O3600S200,50,100000.0,research32_phase64,cython_log_pruned_attn32,cython_log_pruned_attn32,cython_log_pruned_attn32,0.002,84035,42018,239190.59639322027,0.0007158836689038031,research,float32,True,7059124,0.8936183679845418,0.0004008000250905752,0.0003837000112980604,0.0005052001215517521,1.0568860762287944,7.151318151063051e-09,1.508160204841234e-08,25
huge_240k,C10000H16000N2600O3600S200,50,100000.0,research32_uintphase,cython_log_pruned_attn32_uintphase,cython_log_pruned_attn32_uintphase,cython_log_pruned_attn32_uintphase,0.002,84035,42018,239190.59639322027,0.0007158836689038031,research,float32,True,7059124,0.8936183679845418,0.00041370000690221786,0.0003893000539392233,0.0004914999008178711,1.02393028475463,7.1513184629613184e-09,1.5081602188704367e-08,25
huge_240k,C10000H16000N2600O3600S200,50,100000.0,production32_auto,cython_auto,cython_log_pruned_attn32,cython_log_pruned_attn32,0.002,84035,42018,239190.59639322027,0.0007158836689038031,production,float32,True,5378404,0.6808551039536254,0.00039350008592009544,0.00038109999150037766,0.00048539997078478336,1.0764926896519078,7.151318151063051e-09,1.508160204841234e-08,25
huge_240k,C10000H16000N2600O3600S200,50,100000.0,minimal32_auto,cython_auto,cython_log_pruned_attn32_uintphase,cython_log_pruned_attn32_uintphase,0.002,84035,42018,239190.59639322027,0.0007158836689038031,minimal,float32,False,3697684,0.46809183992270886,0.00039590010419487953,0.00038039986975491047,0.0004724001046270132,1.069966795618386,7.1513184629613184e-09,1.5081602188704367e-08,25
